Leetcode,2
Leetcode,3
Leetcode,2
Leetcode,3
Leetcode,2
Leetcode,3
Leetcode,2
Leetcode,3
Leetcode,2
Leetcode,3
Leetcode,2
Leetcode,3
Leetcode,2
Leetcode,3
Leetcode,2
Leetcode,3
Leetcode,2
Leetcode,3
Leetcode,2
Leetcode,3
Leetcode,2
Leetcode,3
Leetcode,2
Leetcode,3
Leetcode,2
Leetcode,3
Leetcode,2
Leetcode,3
Leetcode,2
Leetcode,3
Leetcode,2
Leetcode,3
Leetcode,2
Leetcode,3
Leetcode,2
Leetcode,3
Leetcode,2
Leetcode,3
Leetcode,2
Leetcode,3
Leetcode,2
Leetcode,3
Leetcode,2
Leetcode,3
Leetcode,2
Leetcode,3
Leetcode,2
Leetcode,3
Leetcode,2
Leetcode,3
Leetcode,2
Leetcode,3
Leetcode,2
Leetcode,3
Leetcode,2
Leetcode,3
Leetcode,2
Leetcode,3
Leetcode,2
Leetcode,3
Leetcode,2
Leetcode,3
Leetcode,2
Leetcode,3
Leetcode,2
Leetcode,3
Leetcode,2
Leetcode,3
Leetcode,2
Leetcode,3
Leetcode,2
Leetcode,3
Leetcode,2
Leetcode,3
Leetcode,2
Leetcode,3
Leetcode,2
Leetcode,3
Leetcode,2
Leetcode,3
Leetcode,2
Leetcode,3
Leetcode,2
Leetcode,3
Leetcode,2
Leetcode,3
Leetcode,2
Leetcode,3
Leetcode,2
Leetcode,3
Leetcode,2
Leetcode,3
Leetcode,2
Leetcode,3
Leetcode,2
Leetcode,3
Leetcode,2
Leetcode,3
Leetcode,2
Leetcode,3
Leetcode,2
Leetcode,3
Leetcode,2
Leetcode,3
Leetcode,2
Leetcode,3
Leetcode,2
Leetcode,3
Leetcode,2
Leetcode,3
Leetcode,2
Leetcode,3
Leetcode,2
Leetcode,3
Leetcode,2
Leetcode,3
Leetcode,2
Leetcode,3
Leetcode,2
Leetcode,3
Leetcode,2
Leetcode,3
Leetcode,2
Leetcode,3
Leetcode,2
Leetcode,3
Leetcode,2
Leetcode,3
Leetcode,2
Leetcode,3
Leetcode,2
Leetcode,3
Leetcode,2
Leetcode,3
Leetcode,2
Leetcode,3
Leetcode,2
Leetcode,3
Leetcode,2
Leetcode,3
Leetcode,2
Leetcode,3
Leetcode,2
Leetcode,3
Leetcode,2
Leetcode,3
Leetcode,2
Leetcode,3
Leetcode,2
Leetcode,3
Leetcode,2
Leetcode,3
Leetcode,2
Leetcode,3
Leetcode,2
Leetcode,3
Leetcode,2
Leetcode,3
Leetcode,2
Leetcode,3
Leetcode,2
Leetcode,3
Leetcode,2
Leetcode,3
Leetcode,2
Leetcode,3
Leetcode,2
Leetcode,3
Leetcode,2
Leetcode,3
Leetcode,2
Leetcode,3
Leetcode,2
Leetcode,3
Leetcode,2
Leetcode,3
Leetcode,2
Leetcode,3
Leetcode,2
Leetcode,3
Leetcode,2
Leetcode,3
Leetcode,2
Leetcode,3
Leetcode,2
Leetcode,3
Leetcode,2
Leetcode,3
Leetcode,2
Leetcode,3
Leetcode,2
Leetcode,3
Leetcode,2
Leetcode,3
Leetcode,2
Leetcode,3
Leetcode,2
Leetcode,3
Leetcode,2
Leetcode,3
Leetcode,2
Leetcode,3
Leetcode,2
Leetcode,3
Leetcode,2
Leetcode,3
Leetcode,2
Leetcode,3
Leetcode,2
Leetcode,3
Leetcode,2
Leetcode,3
Leetcode,2
Leetcode,3
Leetcode,2
Leetcode,3
Leetcode,2
Leetcode,3
Leetcode,2
Leetcode,3
Leetcode,2
Leetcode,3
Leetcode,2
Leetcode,3
Leetcode,2
Leetcode,3
Leetcode,2
Leetcode,3
Leetcode,2
Leetcode,3
Leetcode,2
Leetcode,3
Leetcode,2
Leetcode,3
Leetcode,2
Leetcode,3
Leetcode,2
Leetcode,3
Leetcode,2
Leetcode,3


